num,Model,model_judge,Prompt Type,zh,ko,es,fr,ja,id,vi,uk,ro,no,mean_accuracy_high_resource,mean_accuracy_low_resource,mean_accuracy_all
10,adamic_graph/claude-opus-4.7,anthropic/claude-opus-4.7,adamic,79.0,79.0,82.0,85.0,75.0,88.0,84.0,83.0,86.0,83.0,81.71428571428571,84.0,82.4
10,adamic_graph/gpt-oss-120b,anthropic/claude-opus-4.7,adamic,65.0,68.0,71.0,71.0,68.0,69.0,75.0,63.0,67.0,71.0,69.57142857142857,67.0,68.8
10,adamic_graph/llama-4-scout-17b-16e-instruct,anthropic/claude-opus-4.7,adamic,57.0,63.0,65.55555555555556,69.0,53.0,62.0,64.0,57.0,58.0,56.0,61.93650793650794,57.0,60.455555555555556
10,anthropic/claude-opus-4.7,anthropic/claude-opus-4.7,direct,88.0,88.0,91.0,87.0,86.0,89.0,84.0,83.0,85.0,87.0,87.57142857142857,85.0,86.8
10,anthropic/claude-opus-4.7,anthropic/claude-opus-4.7,google,77.0,84.0,78.0,70.0,70.0,84.0,81.0,71.0,72.0,84.0,77.71428571428571,75.66666666666667,77.1
10,meta-llama/llama-4-scout-17b-16e-instruct,anthropic/claude-opus-4.7,direct,67.0,57.0,68.0,69.0,62.0,72.0,67.0,71.0,65.0,55.0,66.0,63.666666666666664,65.3
10,meta-llama/llama-4-scout-17b-16e-instruct,anthropic/claude-opus-4.7,google,59.0,61.0,64.0,60.0,56.0,67.0,64.0,60.0,63.0,63.0,61.57142857142857,62.0,61.7
10,openai/gpt-oss-120b,anthropic/claude-opus-4.7,direct,74.0,72.0,82.0,75.0,76.0,70.0,66.0,82.22222222222221,77.0,69.0,73.57142857142857,76.07407407407408,74.32222222222222
10,openai/gpt-oss-120b,anthropic/claude-opus-4.7,google,49.0,65.0,64.0,60.0,67.0,59.0,69.0,72.0,61.0,64.44444444444444,61.857142857142854,65.81481481481482,63.044444444444444
